condition_label,load_mult,write_interval_s,write_mode,write_magnitude_cap,duration_s_target,ts,gate_pass,bringup_ok,survived,onset_s,onset_reason,elapsed_s,final_block_precision,final_reward_mean
S0_C1,1.0,1.0,normal,,300.0,20260904_113117,False,,,,,,TODO(MEASURE),TODO(MEASURE)
S0_C1,1.0,1.0,normal,,300.0,20260904_114027,True,True,False,2.0,"max_retx:{'embb': 27, 'mmtc': 0, 'urllc': 0}",4.3,TODO(MEASURE),TODO(MEASURE)
S0_C1,1.0,1.0,normal,,300.0,20260904_115453,True,True,False,10.0,"100pct_loss:{'embb': 6667.0, 'mmtc': 100.0, 'urllc': 100.0}",21.4,TODO(MEASURE),TODO(MEASURE)
S0_C2,1.0,1.0,static,,300.0,20260904_120313,True,True,False,10.0,"100pct_loss:{'embb': 100.0, 'mmtc': 100.0, 'urllc': 100.0}",21.5,TODO(MEASURE),TODO(MEASURE)
S0_C1,1.0,1.0,normal,,300.0,20260904_121305,True,True,False,10.0,"100pct_loss:{'embb': 100.0, 'mmtc': 100.0, 'urllc': 100.0}",21.5,TODO(MEASURE),TODO(MEASURE)
S0_C2,1.0,1.0,static,,300.0,20260904_122121,True,True,False,10.0,"100pct_loss:{'embb': 100.0, 'mmtc': 100.0, 'urllc': 100.0}",21.5,TODO(MEASURE),TODO(MEASURE)
S1_cadence5s,1.0,5.0,normal,,300.0,20260904_123844,True,True,False,10.0,"100pct_loss:{'embb': 100.0, 'mmtc': 100.0, 'urllc': 100.0}",21.5,TODO(MEASURE),TODO(MEASURE)
S1_cadence30s,1.0,30.0,normal,,300.0,20260904_124630,True,True,False,10.0,"100pct_loss:{'embb': 100.0, 'mmtc': 100.0, 'urllc': 100.0}",21.5,TODO(MEASURE),TODO(MEASURE)
S1_load0.5,0.5,1.0,normal,,300.0,20260904_125417,True,True,False,10.0,"max_retx:{'embb': 1, 'mmtc': 0, 'urllc': 0}",12.3,TODO(MEASURE),TODO(MEASURE)
S1_load0.25,0.25,1.0,normal,,300.0,20260904_130438,True,True,False,,post_gate_bringup_failed,,TODO(MEASURE),TODO(MEASURE)
S1_load0.25,0.25,1.0,normal,,300.0,20260904_131325,True,True,False,10.0,"max_retx:{'embb': 0, 'mmtc': 0, 'urllc': 8}",12.3,TODO(MEASURE),TODO(MEASURE)
S1_magcap1,1.0,1.0,normal,1,300.0,20260904_134402,True,True,False,,post_gate_bringup_failed,,TODO(MEASURE),TODO(MEASURE)
S1_magcap1,1.0,1.0,normal,1,300.0,20260904_135217,True,True,False,10.0,"100pct_loss:{'embb': 100.0, 'mmtc': 100.0, 'urllc': 100.0}",21.4,TODO(MEASURE),TODO(MEASURE)
S2_embb_alone,1.0,1.0,normal,,300.0,20260904_153940,False,True,False,,gate_failed,,TODO(MEASURE),TODO(MEASURE)
S2_embb_alone_hiload,5.0,1.0,normal,,300.0,20260904_154857,True,True,False,10.0,100pct_loss:{'embb': 100.0},15.3,TODO(MEASURE),TODO(MEASURE)
postfix_S0_C1_retest,1.0,1.0,normal,,300.0,20260905_104650,,False,False,,bringup_failed,,TODO(MEASURE),TODO(MEASURE)
postfix_S0_C1_retest_v2,1.0,1.0,normal,,300.0,20260905_105451,True,True,False,2.0,probe_exited_early,4.2,TODO(MEASURE),TODO(MEASURE)
postfix_S0_C1_retest_v3,1.0,1.0,normal,,300.0,20260905_110304,True,True,False,10.0,"100pct_loss:{'urllc': 100.0, 'mmtc': 100.0, 'embb': 100.0}",21.5,TODO(MEASURE),TODO(MEASURE)
postfix_configfix_S0_C1_retest,1.0,1.0,normal,,300.0,20260905_195139,True,True,False,191.9,"100pct_loss:{'mmtc': 0.0, 'urllc': 0.0, 'embb': 100.0}",201.4,TODO(MEASURE),TODO(MEASURE)
postfix_configfix_S0_C1_retest_v2,1.0,1.0,normal,,300.0,20260905_200444,True,True,True,,,302.8,TODO(MEASURE),TODO(MEASURE)
postfix_S0_C2_retest,1.0,1.0,static,,300.0,20260905_202922,True,True,True,,,303.9,TODO(MEASURE),TODO(MEASURE)
postfix_S1_cadence5s,1.0,5.0,normal,,300.0,20260905_204219,True,True,True,,,303.6,TODO(MEASURE),TODO(MEASURE)
postfix_S1_cadence30s,1.0,30.0,normal,,300.0,20260905_205459,True,True,True,,,303.5,TODO(MEASURE),TODO(MEASURE)
postfix_S1_load0.5,0.5,1.0,normal,,300.0,20260905_210722,True,True,True,,,303.3,TODO(MEASURE),TODO(MEASURE)
postfix_S1_load0.25,0.25,1.0,normal,,300.0,20260905_211958,True,True,True,,,302.9,TODO(MEASURE),TODO(MEASURE)
postfix_S2_load2x,2.0,1.0,normal,,300.0,20260905_220148,True,True,True,,,303.4,TODO(MEASURE),TODO(MEASURE)
postfix_S2_load4x,4.0,1.0,normal,,300.0,20260905_221513,True,True,False,31.5,"100pct_loss:{'embb': 100.0, 'mmtc': 0.0, 'urllc': 0.0}",41.1,TODO(MEASURE),TODO(MEASURE)
postfix_S2_load3x,3.0,1.0,normal,,300.0,20260905_222425,True,True,True,,,302.6,TODO(MEASURE),TODO(MEASURE)
postfix_S2_cadence0.5s,1.0,0.5,normal,,300.0,20260905_223705,True,True,True,,,304.2,TODO(MEASURE),TODO(MEASURE)
postfix_S2_cadence0.2s,1.0,0.2,normal,,300.0,20260905_224945,True,True,True,,,303.9,TODO(MEASURE),TODO(MEASURE)
postfix_S2_cadence0.1s,1.0,0.1,normal,,300.0,20260905_230227,True,True,True,,,303.2,TODO(MEASURE),TODO(MEASURE)
postfix_S2_embb_only,1.0,1.0,normal,,300.0,20260905_230958,False,True,False,,gate_failed,,TODO(MEASURE),TODO(MEASURE)
postfix_S2_embb_mmtc,1.0,1.0,normal,,300.0,20260905_234147,True,True,True,,,304.2,TODO(MEASURE),TODO(MEASURE)
postfix_S2_embb_urllc,1.0,1.0,normal,,300.0,20260905_235338,True,True,True,,,303.3,TODO(MEASURE),TODO(MEASURE)
verify_orig_ckpt_campaign_1x,1.0,1.0,normal,,120.0,20260906_093822,True,True,False,10.0,"100pct_loss:{'mmtc': 0.0, 'embb': 0.0, 'urllc': 100.0}",19.8,TODO(MEASURE),TODO(MEASURE)
verify_minrbsize_regression_livefixed,1.0,1.0,normal,,180.0,20260906_095748,True,True,False,71.7,"100pct_loss:{'mmtc': 0.0, 'embb': 100.0, 'urllc': 0.0}",78.2,TODO(MEASURE),TODO(MEASURE)
verify_minrbsize_reverted,1.0,1.0,normal,,180.0,20260906_101007,True,True,True,,,182.3,TODO(MEASURE),TODO(MEASURE)
