m54_section,claim_or_number,script,input_paths,seeds,config,git_hash,versions,regen_status
Evaluation Safeguards,correctness-aware metric pair definition (mean_reward_per_step; block_precision),experiments/scripts/m2_correctness_metrics.py,experiments/results/m2_campaign/,900-929,experiments/configs/qoe_oran_framework/configs/saclb_offline_dqn.yaml,d009856,"python 3.12.3, torch 2.13.0+cu130",CLEAN
Evaluation Safeguards,M35 89.8% metric-disagreement ledger (44/49),experiments/scripts/m35_metric_disagreement_ledger.py,"experiments/results/{m2_campaign,m3_campaign,m4_campaign,m4_paired_test,m6_pilot}/",900-929/900-909/900-911/1000-1002,n/a (re-analysis of existing logs),d009856,"numpy 2.5.1, scipy 1.18.0",CLEAN -- reproduces 44/49 (89.8%) exactly
GAT Encoder + CTDE,"compliance 0.151/0.049/0.115 (gat_ctde/indep/single-agent)",experiments/scripts/m2_campaign_analysis.py,experiments/results/m2_campaign/campaign_results.json + per-seed eval logs,900-929,saclb_offline_dqn.yaml,d009856,"numpy 2.5.1, scipy 1.18.0",CLEAN -- exact match
GAT Encoder + CTDE,"mean_reward/step 14.062/12.601/13.867; paired +1.461 p<0.0001 vs indep; +0.195 p=0.0577 vs single-agent; block precision 0.952",experiments/scripts/m2_correctness_metrics.py,experiments/results/m2_campaign/,900-929,saclb_offline_dqn.yaml,d009856,"numpy 2.5.1, scipy 1.18.0",CLEAN -- exact match
Cluster-Size Scaling,"N=19 pooled: single-agent 100% (15/15); GAT-CTDE 35.4% [25.5,45.8] (64 seeds); independent-DQN 0/36 (never)",experiments/scripts/m49_n19_collapse_reproduction.py (NEW, this gate),experiments/results/m6_pilot/n19_{topo}_capfix[_replication]/,"900-911 (primary), 1000-1002 (replication), 2000-2048 (extension, gat_ctde only)",qoe_oran_framework/configs/saclb_offline_dqn_n19.yaml,d009856,"numpy 2.5.1, scipy 1.18.0",CLEAN AFTER A FIX -- see gate report note 1 (initial per-seed binary bootstrap gave 48.4%, not 35.4%; corrected to per-seed-rate block bootstrap, now exact)
Cluster-Size Scaling,"N=7 clean resample: single-agent 91.7%/75.0%; GAT-CTDE 41.7%/58.3%; independent-DQN 0.0%/16.7% (primary/replication)",experiments/scripts/m49b5_n7_collapse_analysis.py,experiments/results/m49b_5/n7_{topo}_{primary,replication}/,900-911 (primary); 1000-1011 (replication),qoe_oran_framework/configs/saclb_offline_dqn_n7.yaml,d009856,"numpy 2.5.1, scipy 1.18.0",CLEAN -- exact match (already verified at M49b-5's own gate)
FL + Privacy,"federation cost +0.133 [-0.138,0.470] p=0.8125 (no measurable cost)",experiments/scripts/m3_correctness_metrics.py,experiments/results/m3_campaign/,900-909,saclb_offline_dqn.yaml,d009856,"numpy 2.5.1, scipy 1.18.0",CLEAN -- exact match
FL + Privacy,"DP block-precision threshold: 1.000/1.000/0.834/0.584 at sigma=0/0.5/1/2/4 (real, not smooth)",experiments/scripts/m3_correctness_metrics.py,experiments/results/m3_campaign/,900-909,saclb_offline_dqn.yaml,d009856,"numpy 2.5.1, scipy 1.18.0",CLEAN -- exact match
FL + Privacy,zCDP (epsilon,delta) bound,closed-form (no script -- rho=k/(2 sigma^2) composition),n/a (analytic),n/a,n/a,d009856,n/a,CLEAN -- deterministic formula, no data dependency
FL + Privacy,"FedProx null result: bit-identical to FedAvg at mu in {0.01,0.1,1.0}, homogeneous+heterogeneous",direct decision-sequence comparison (no dedicated script -- see gate report note 2),experiments/results/m7_campaign/{fedavg,fedprox_mu*}_{homogeneous,heterogeneous}/,900-902,default m7_fedprox_heterogeneity.py config,d009856,"python 3.12.3",CLEAN -- confirmed identical (reward,block_count,accepted_counts) sequences at the decision level for all 3 mu values; a naive byte-diff of the raw files shows differences (cosmetic run metadata only, not decisions) -- flagged so a future naive byte-diff check is not mistaken for a real mismatch
Disruption,"GAT-CTDE dropout/churn accelerating cost (+0.165/+0.601/+1.710 dropout; +0.059/+0.200/+0.529 churn)",experiments/scripts/m4_correctness_metrics.py --m4-campaign-dir experiments/results/m4_paired_test,experiments/results/m4_paired_test/gat_ctde/,900-909,saclb_offline_dqn.yaml,d009856,"numpy 2.5.1, scipy 1.18.0",CLEAN AFTER OVERRIDE -- default --m4-campaign-dir (experiments/results/m4_campaign) has NO raw per-seed logs at all; the working path is m4_paired_test/ -- see gate report finding 1
Disruption,"independent-DQN churn retraction (+0.000/+0.168/+0.640 original sample, non-sig; +0.097/+0.657/+1.223 replication, sig, larger than GAT-CTDE)",experiments/scripts/m4_correctness_metrics.py --m4-campaign-dir experiments/results/m4_paired_test,experiments/results/m4_paired_test/independent_dqn/ (primary); experiments/results/fresh_seed_retrain/m4_campaign/ (replication -- was untracked, now committed this gate),900-909 (primary); 1000-1009 (replication),saclb_offline_dqn.yaml,d009856,"numpy 2.5.1, scipy 1.18.0",PRIMARY clean after override; REPLICATION was UNCOMMITTED until this gate -- see finding 1
Disruption,"federated arm dropout/churn cost (regenerated: +0.078/+0.246/+0.585 churn, was cited as +0.073/+0.240/+0.585)",experiments/scripts/m4_correctness_metrics.py,experiments/results/m4_campaign/fl_gat_ctde_sigma0.0/ (regenerated at M49; cause resolved at M49c),900-909,saclb_offline_dqn.yaml,d009856,"numpy 2.5.1, scipy 1.18.0",RESOLVED at M49c (docs/PAPER5_M49c_m4_resolution.md) -- close-not-exact discrepancy traced by elimination to benign environment/dependency drift over time (code, checkpoint, and seeding all confirmed unchanged); cite the regenerated values in M54
Disruption,"single-agent DQN spike signal (p=0.0020 original, p=0.084 replication)",experiments/scripts/m4_correctness_metrics.py,experiments/results/m4_campaign/single_agent_dqn/ (NEWLY REGENERATED this gate for the primary sample),900-909 (primary, regenerated); 1000-1009 (replication -- was untracked fresh_seed_retrain, now committed),saclb_offline_dqn.yaml,d009856,"numpy 2.5.1, scipy 1.18.0",PRIMARY was UNREPRODUCIBLE (no raw data existed anywhere) -- REGENERATED this gate; see finding 1. Note: the regenerated primary sample is a FRESH run, not a re-derivation of the original bytes -- its own p-value must be re-checked against the manuscript's cited 0.0020 (see gate report)
Disruption,"spike block-precision flat/near-ceiling for every arm (GAT-CTDE/independent-DQN)",experiments/scripts/m4_correctness_metrics.py,experiments/results/m4_campaign/{gat_ctde,independent_dqn}/spike_sev*/ (NEWLY REGENERATED this gate),900-909,saclb_offline_dqn.yaml,d009856,"numpy 2.5.1, scipy 1.18.0",WAS UNREPRODUCIBLE (m4_paired_test/ has no spike data for either arm) -- REGENERATED this gate
Disruption,"formal paired GAT-CTDE-vs-independent-DQN test, significant only at dropout 10% (+0.0135, p=0.0059)",experiments/scripts/m4_correctness_metrics.py --m4-campaign-dir experiments/results/m4_paired_test,experiments/results/m4_paired_test/{gat_ctde,independent_dqn}/dropout_sev1/,900-909,saclb_offline_dqn.yaml,d009856,"numpy 2.5.1, scipy 1.18.0",CLEAN AFTER OVERRIDE (dropout data was already available via m4_paired_test)
Live Single-gNB (honest deployability),"M49b-1-1: all 3 slices ~100% served, 0% loss, 3UE/6UE native",experiments/results/m49b_1/ (raw omega/trajectory + gate1_1_report.md's own inline analysis),experiments/results/m49b_1/trajectory_full_{3ue,6ue}.jsonl,n/a (live rig, not offline-regenerable; re-verified by re-parsing already-committed raw logs, not re-collectable without rig access),saclb_live.yaml (post-M41-fix),d009856,"python 3.12.3",CLEAN (re-parse of committed logs reproduces the gate report's own numbers exactly) -- LIVE COLLECTION itself cannot be regenerated without rig access, disclosed as such per M49's own NO RIG scope
Live Single-gNB (honest deployability),"M49b-2: backlog runaway does not recur (-47.64 vs -1,002,377.5); block pattern nuance (27 mmtc-only blocks, not protecting real scarcity)",experiments/results/m49b_2/native/seed900/omega_log.jsonl,experiments/results/m49b_2/,eval_seed=3002,saclb_live.yaml (post-M41-fix),d009856,"python 3.12.3",CLEAN (re-parse reproduces gate report exactly); live collection not regenerable, same disclosure as above
Live Single-gNB (honest deployability),"M49b-3: 6UE does not collapse (1/episode mmtc-only blocks, 5/5 episodes, no catastrophic margin)",experiments/results/m49b_3/seed900/omega_log.jsonl,experiments/results/m49b_3/,eval_seed=3003,saclb_live.yaml (post-M41-fix),d009856,"python 3.12.3",CLEAN (re-parse reproduces gate report exactly); live collection not regenerable, same disclosure as above
Live Single-gNB (honest deployability),"E2 loop feasibility citation (0.57ms median round-trip, <20K params) -- Paper #4's OWN number, cited not re-derived",n/a -- external citation per the binding citation rule (M48b),Papers_4-5/Paper_4/main.tex Section 'Deployment Feasibility',n/a,n/a,d009856,n/a,NOT #5's OWN number -- correctly a citation, no regeneration expected or required
Live Single-gNB (honest deployability; retired),recalibration retirement rationale + unit-mismatch code-bug fix (preserved),docs/PAPER5_M49b4_recalibration_retirement.md (write-up only, no script),n/a,n/a,n/a,d009856,n/a,N/A -- prose finding, not a regenerable number; the retired RealisticServedKpmSource anchors themselves are explicitly NOT to be regenerated (standing constraint)
